#{"t_start": 1697437223.548039, "env_id": "SuperMarioBros-v3"}
r,l,t
497.0,19476,284.654818
504.0,19430,535.840396
